Название,Рейтинг,Ссылка,Цена,Жанр
It's Only the Himalayas,2,http://books.toscrape.com/catalogue/its-only-the-himalayas_981/index.html,45.17,Travel
Full Moon over Noah’s,4,http://books.toscrape.com/catalogue/full-moon-over-noahs-ark-an-odyssey-to-mount-ararat-and-beyond_811/index.html,49.43,Travel
See America: A Celebration,3,http://books.toscrape.com/catalogue/see-america-a-celebration-of-our-national-parks-treasured-sites_732/index.html,48.87,Travel
Vagabonding: An Uncommon Guide,2,http://books.toscrape.com/catalogue/vagabonding-an-uncommon-guide-to-the-art-of-long-term-world-travel_552/index.html,36.94,Travel
Under the Tuscan Sun,3,http://books.toscrape.com/catalogue/under-the-tuscan-sun_504/index.html,37.33,Travel
A Summer In Europe,2,http://books.toscrape.com/catalogue/a-summer-in-europe_458/index.html,44.34,Travel
The Great Railway Bazaar,1,http://books.toscrape.com/catalogue/the-great-railway-bazaar_446/index.html,30.54,Travel
A Year in Provence,4,http://books.toscrape.com/catalogue/a-year-in-provence-provence-1_421/index.html,56.88,Travel
The Road to Little,1,http://books.toscrape.com/catalogue/the-road-to-little-dribbling-adventures-of-an-american-in-britain-notes-from-a-small-island-2_277/index.html,23.21,Travel
Neither Here nor There:,3,http://books.toscrape.com/catalogue/neither-here-nor-there-travels-in-europe_198/index.html,38.95,Travel
"1,000 Places to See",5,http://books.toscrape.com/catalogue/1000-places-to-see-before-you-die_1/index.html,26.08,Travel
Sharp Objects,4,http://books.toscrape.com/catalogue/sharp-objects_997/index.html,47.82,Mystery
"In a Dark, Dark",1,http://books.toscrape.com/catalogue/in-a-dark-dark-wood_963/index.html,19.63,Mystery
The Past Never Ends,4,http://books.toscrape.com/catalogue/the-past-never-ends_942/index.html,56.50,Mystery
A Murder in Time,1,http://books.toscrape.com/catalogue/a-murder-in-time_877/index.html,16.64,Mystery
The Murder of Roger,4,http://books.toscrape.com/catalogue/the-murder-of-roger-ackroyd-hercule-poirot-4_852/index.html,44.10,Mystery
The Last Mile (Amos,2,http://books.toscrape.com/catalogue/the-last-mile-amos-decker-2_754/index.html,54.21,Mystery
That Darkness (Gardiner and,1,http://books.toscrape.com/catalogue/that-darkness-gardiner-and-renner-1_743/index.html,13.92,Mystery
Tastes Like Fear (DI,1,http://books.toscrape.com/catalogue/tastes-like-fear-di-marnie-rome-3_742/index.html,10.69,Mystery
A Time of Torment,5,http://books.toscrape.com/catalogue/a-time-of-torment-charlie-parker-14_657/index.html,48.35,Mystery
A Study in Scarlet,2,http://books.toscrape.com/catalogue/a-study-in-scarlet-sherlock-holmes-1_656/index.html,16.73,Mystery
Poisonous (Max Revere Novels,3,http://books.toscrape.com/catalogue/poisonous-max-revere-novels-3_627/index.html,26.80,Mystery
Murder at the 42nd,4,http://books.toscrape.com/catalogue/murder-at-the-42nd-street-library-raymond-ambler-1_624/index.html,54.36,Mystery
Most Wanted,3,http://books.toscrape.com/catalogue/most-wanted_623/index.html,35.28,Mystery
Hide Away (Eve Duncan,1,http://books.toscrape.com/catalogue/hide-away-eve-duncan-20_620/index.html,11.84,Mystery
Boar Island (Anna Pigeon,3,http://books.toscrape.com/catalogue/boar-island-anna-pigeon-19_613/index.html,59.48,Mystery
The Widow,2,http://books.toscrape.com/catalogue/the-widow_609/index.html,27.26,Mystery
Playing with Fire,3,http://books.toscrape.com/catalogue/playing-with-fire_602/index.html,13.71,Mystery
What Happened on Beale,5,http://books.toscrape.com/catalogue/what-happened-on-beale-street-secrets-of-the-south-mysteries-2_506/index.html,25.37,Mystery
The Bachelor Girl's Guide,5,http://books.toscrape.com/catalogue/the-bachelor-girls-guide-to-murder-herringford-and-watts-mysteries-1_491/index.html,52.30,Mystery
Delivering the Truth (Quaker,4,http://books.toscrape.com/catalogue/delivering-the-truth-quaker-midwife-mystery-1_464/index.html,20.89,Mystery
Tipping the Velvet,1,http://books.toscrape.com/catalogue/tipping-the-velvet_999/index.html,53.74,Historical Fiction
Forever and Forever: The,3,http://books.toscrape.com/catalogue/forever-and-forever-the-courtship-of-henry-longfellow-and-fanny-appleton_894/index.html,29.69,Historical Fiction
A Flight of Arrows,5,http://books.toscrape.com/catalogue/a-flight-of-arrows-the-pathfinders-2_876/index.html,55.53,Historical Fiction
The House by the,1,http://books.toscrape.com/catalogue/the-house-by-the-lake_846/index.html,36.95,Historical Fiction
Mrs. Houdini,5,http://books.toscrape.com/catalogue/mrs-houdini_821/index.html,30.25,Historical Fiction
The Marriage of Opposites,4,http://books.toscrape.com/catalogue/the-marriage-of-opposites_759/index.html,28.08,Historical Fiction
Glory over Everything: Beyond,3,http://books.toscrape.com/catalogue/glory-over-everything-beyond-the-kitchen-house_696/index.html,45.84,Historical Fiction
"Love, Lies and Spies",2,http://books.toscrape.com/catalogue/love-lies-and-spies_622/index.html,20.55,Historical Fiction
A Paris Apartment,4,http://books.toscrape.com/catalogue/a-paris-apartment_612/index.html,39.01,Historical Fiction
Lilac Girls,2,http://books.toscrape.com/catalogue/lilac-girls_597/index.html,17.28,Historical Fiction
The Constant Princess (The,3,http://books.toscrape.com/catalogue/the-constant-princess-the-tudor-court-1_493/index.html,16.62,Historical Fiction
The Invention of Wings,1,http://books.toscrape.com/catalogue/the-invention-of-wings_448/index.html,37.34,Historical Fiction
World Without End (The,4,http://books.toscrape.com/catalogue/world-without-end-the-pillars-of-the-earth-2_420/index.html,32.97,Historical Fiction
The Passion of Dolssa,5,http://books.toscrape.com/catalogue/the-passion-of-dolssa_351/index.html,28.32,Historical Fiction
Girl With a Pearl,1,http://books.toscrape.com/catalogue/girl-with-a-pearl-earring_322/index.html,26.77,Historical Fiction
Voyager (Outlander #3),5,http://books.toscrape.com/catalogue/voyager-outlander-3_299/index.html,21.07,Historical Fiction
The Red Tent,5,http://books.toscrape.com/catalogue/the-red-tent_273/index.html,35.66,Historical Fiction
The Last Painting of,2,http://books.toscrape.com/catalogue/the-last-painting-of-sara-de-vos_259/index.html,55.55,Historical Fiction
The Guernsey Literary and,1,http://books.toscrape.com/catalogue/the-guernsey-literary-and-potato-peel-pie-society_253/index.html,49.53,Historical Fiction
Girl in the Blue,2,http://books.toscrape.com/catalogue/girl-in-the-blue-coat_160/index.html,46.83,Historical Fiction
Scott Pilgrim's Precious Little,5,http://books.toscrape.com/catalogue/scott-pilgrims-precious-little-life-scott-pilgrim-1_987/index.html,52.29,Sequential Art
Tsubasa: WoRLD CHRoNiCLE 2,1,http://books.toscrape.com/catalogue/tsubasa-world-chronicle-2-tsubasa-world-chronicle-2_949/index.html,16.28,Sequential Art
This One Summer,4,http://books.toscrape.com/catalogue/this-one-summer_947/index.html,19.49,Sequential Art
The Nameless City (The,4,http://books.toscrape.com/catalogue/the-nameless-city-the-nameless-city-1_940/index.html,38.16,Sequential Art
"Saga, Volume 5 (Saga",2,http://books.toscrape.com/catalogue/saga-volume-5-saga-collected-editions-5_923/index.html,51.04,Sequential Art
"Rat Queens, Vol. 3:",3,http://books.toscrape.com/catalogue/rat-queens-vol-3-demons-rat-queens-collected-editions-11-15_921/index.html,50.40,Sequential Art
"Princess Jellyfish 2-in-1 Omnibus,",5,http://books.toscrape.com/catalogue/princess-jellyfish-2-in-1-omnibus-vol-01-princess-jellyfish-2-in-1-omnibus-1_920/index.html,13.61,Sequential Art
"Pop Gun War, Volume",1,http://books.toscrape.com/catalogue/pop-gun-war-volume-1-gift_918/index.html,18.97,Sequential Art
Patience,3,http://books.toscrape.com/catalogue/patience_916/index.html,10.16,Sequential Art
"Outcast, Vol. 1: A",4,http://books.toscrape.com/catalogue/outcast-vol-1-a-darkness-surrounds-him-outcast-1_915/index.html,15.44,Sequential Art
orange: The Complete Collection,1,http://books.toscrape.com/catalogue/orange-the-complete-collection-1-orange-the-complete-collection-1_914/index.html,48.41,Sequential Art
"Lumberjanes, Vol. 2: Friendship",2,http://books.toscrape.com/catalogue/lumberjanes-vol-2-friendship-to-the-max-lumberjanes-5-8_907/index.html,46.91,Sequential Art
"Lumberjanes, Vol. 1: Beware",3,http://books.toscrape.com/catalogue/lumberjanes-vol-1-beware-the-kitten-holy-lumberjanes-1-4_906/index.html,45.61,Sequential Art
Lumberjanes Vol. 3: A,2,http://books.toscrape.com/catalogue/lumberjanes-vol-3-a-terrible-plan-lumberjanes-9-12_905/index.html,19.92,Sequential Art
"I Hate Fairyland, Vol.",2,http://books.toscrape.com/catalogue/i-hate-fairyland-vol-1-madly-ever-after-i-hate-fairyland-compilations-1-5_899/index.html,29.17,Sequential Art
I am a Hero,3,http://books.toscrape.com/catalogue/i-am-a-hero-omnibus-volume-1_898/index.html,54.63,Sequential Art
"Giant Days, Vol. 2",2,http://books.toscrape.com/catalogue/giant-days-vol-2-giant-days-5-8_895/index.html,22.11,Sequential Art
Danganronpa Volume 1,4,http://books.toscrape.com/catalogue/danganronpa-volume-1_889/index.html,51.99,Sequential Art
"Codename Baboushka, Volume 1:",4,http://books.toscrape.com/catalogue/codename-baboushka-volume-1-the-conclave-of-death_887/index.html,36.72,Sequential Art
Camp Midnight,4,http://books.toscrape.com/catalogue/camp-midnight_886/index.html,17.08,Sequential Art
The Secret Garden,4,http://books.toscrape.com/catalogue/the-secret-garden_413/index.html,15.08,Classics
The Metamorphosis,1,http://books.toscrape.com/catalogue/the-metamorphosis_409/index.html,28.58,Classics
The Pilgrim's Progress,2,http://books.toscrape.com/catalogue/the-pilgrims-progress_353/index.html,50.26,Classics
The Hound of the,2,http://books.toscrape.com/catalogue/the-hound-of-the-baskervilles-sherlock-holmes-5_348/index.html,14.82,Classics
Little Women (Little Women,4,http://books.toscrape.com/catalogue/little-women-little-women-1_331/index.html,28.07,Classics
Gone with the Wind,3,http://books.toscrape.com/catalogue/gone-with-the-wind_324/index.html,32.49,Classics
Candide,3,http://books.toscrape.com/catalogue/candide_316/index.html,58.63,Classics
Animal Farm,3,http://books.toscrape.com/catalogue/animal-farm_313/index.html,57.22,Classics
Wuthering Heights,3,http://books.toscrape.com/catalogue/wuthering-heights_307/index.html,17.73,Classics
The Picture of Dorian,2,http://books.toscrape.com/catalogue/the-picture-of-dorian-gray_270/index.html,29.70,Classics
The Complete Stories and,4,http://books.toscrape.com/catalogue/the-complete-stories-and-poems-the-works-of-edgar-allan-poe-cameo-edition_238/index.html,26.78,Classics
Beowulf,2,http://books.toscrape.com/catalogue/beowulf_126/index.html,38.35,Classics
And Then There Were,2,http://books.toscrape.com/catalogue/and-then-there-were-none_119/index.html,35.01,Classics
The Story of Hong,4,http://books.toscrape.com/catalogue/the-story-of-hong-gildong_84/index.html,43.19,Classics
The Little Prince,2,http://books.toscrape.com/catalogue/the-little-prince_72/index.html,45.42,Classics
Sense and Sensibility,1,http://books.toscrape.com/catalogue/sense-and-sensibility_49/index.html,37.46,Classics
Of Mice and Men,2,http://books.toscrape.com/catalogue/of-mice-and-men_37/index.html,47.11,Classics
Emma,2,http://books.toscrape.com/catalogue/emma_17/index.html,32.93,Classics
Alice in Wonderland (Alice's,1,http://books.toscrape.com/catalogue/alice-in-wonderland-alices-adventures-in-wonderland-1_5/index.html,55.53,Classics
Sophie's World,5,http://books.toscrape.com/catalogue/sophies-world_966/index.html,15.94,Philosophy
The Death of Humanity:,4,http://books.toscrape.com/catalogue/the-death-of-humanity-and-the-case-for-life_932/index.html,58.11,Philosophy
The Stranger,4,http://books.toscrape.com/catalogue/the-stranger_861/index.html,17.44,Philosophy
Proofs of God: Classical,1,http://books.toscrape.com/catalogue/proofs-of-god-classical-arguments-from-tertullian-to-barth_538/index.html,54.21,Philosophy
Kierkegaard: A Christian Missionary,1,http://books.toscrape.com/catalogue/kierkegaard-a-christian-missionary-to-christians_527/index.html,47.13,Philosophy
At The Existentialist Café:,5,http://books.toscrape.com/catalogue/at-the-existentialist-cafe-freedom-being-and-apricot-cocktails-with-jean-paul-sartre-simone-de-beauvoir-albert-camus-martin-heidegger-edmund-husserl-karl-jaspers-maurice-merleau-ponty-and-others_459/index.html,29.93,Philosophy
Critique of Pure Reason,1,http://books.toscrape.com/catalogue/critique-of-pure-reason_366/index.html,20.75,Philosophy
"Run, Spot, Run: The",1,http://books.toscrape.com/catalogue/run-spot-run-the-ethics-of-keeping-pets_106/index.html,20.02,Philosophy
The Nicomachean Ethics,1,http://books.toscrape.com/catalogue/the-nicomachean-ethics_75/index.html,36.34,Philosophy
Meditations,2,http://books.toscrape.com/catalogue/meditations_33/index.html,25.89,Philosophy
Beyond Good and Evil,1,http://books.toscrape.com/catalogue/beyond-good-and-evil_6/index.html,43.38,Philosophy
Chase Me (Paris Nights,5,http://books.toscrape.com/catalogue/chase-me-paris-nights-2_977/index.html,25.27,Romance
Black Dust,5,http://books.toscrape.com/catalogue/black-dust_976/index.html,34.53,Romance
Her Backup Boyfriend (The,1,http://books.toscrape.com/catalogue/her-backup-boyfriend-the-sorensen-family-1_896/index.html,33.97,Romance
First and First (Five,4,http://books.toscrape.com/catalogue/first-and-first-five-boroughs-3_893/index.html,15.97,Romance
Fifty Shades Darker (Fifty,1,http://books.toscrape.com/catalogue/fifty-shades-darker-fifty-shades-2_892/index.html,21.96,Romance
The Wedding Dress,1,http://books.toscrape.com/catalogue/the-wedding-dress_864/index.html,24.12,Romance
Suddenly in Love (Lake,2,http://books.toscrape.com/catalogue/suddenly-in-love-lake-haven-1_835/index.html,55.99,Romance
Something More Than This,4,http://books.toscrape.com/catalogue/something-more-than-this_834/index.html,16.24,Romance
Doing It Over (Most,3,http://books.toscrape.com/catalogue/doing-it-over-most-likely-to-1_802/index.html,35.61,Romance
The Wedding Pact (The,3,http://books.toscrape.com/catalogue/the-wedding-pact-the-omalleys-2_767/index.html,32.61,Romance
Hold Your Breath (Search,1,http://books.toscrape.com/catalogue/hold-your-breath-search-and-rescue-1_700/index.html,28.82,Romance
Dirty (Dive Bar #1),4,http://books.toscrape.com/catalogue/dirty-dive-bar-1_615/index.html,40.83,Romance
Take Me Home Tonight,3,http://books.toscrape.com/catalogue/take-me-home-tonight-rock-star-romance-3_605/index.html,53.98,Romance
Off the Hook (Fishing,3,http://books.toscrape.com/catalogue/off-the-hook-fishing-for-trouble-1_601/index.html,47.67,Romance
A Gentleman's Position (Society,5,http://books.toscrape.com/catalogue/a-gentlemans-position-society-of-gentlemen-3_584/index.html,14.75,Romance
"Sit, Stay, Love",3,http://books.toscrape.com/catalogue/sit-stay-love_486/index.html,20.90,Romance
A Girl's Guide to,1,http://books.toscrape.com/catalogue/a-girls-guide-to-moving-on-new-beginnings-2_359/index.html,31.30,Romance
The Perfect Play (Play,3,http://books.toscrape.com/catalogue/the-perfect-play-play-by-play-1_352/index.html,59.99,Romance
Dark Lover (Black Dagger,1,http://books.toscrape.com/catalogue/dark-lover-black-dagger-brotherhood-1_319/index.html,12.87,Romance
Changing the Game (Play,3,http://books.toscrape.com/catalogue/changing-the-game-play-by-play-2_317/index.html,13.38,Romance
I Had a Nice,4,http://books.toscrape.com/catalogue/i-had-a-nice-time-and-other-lies-how-to-find-love-sht-like-that_814/index.html,57.36,Womens Fiction
Will You Won't You,3,http://books.toscrape.com/catalogue/will-you-wont-you-want-me_644/index.html,13.86,Womens Fiction
Keep Me Posted,4,http://books.toscrape.com/catalogue/keep-me-posted_594/index.html,20.46,Womens Fiction
Grey (Fifty Shades #4),4,http://books.toscrape.com/catalogue/grey-fifty-shades-4_592/index.html,48.49,Womens Fiction
Meternity,3,http://books.toscrape.com/catalogue/meternity_478/index.html,43.58,Womens Fiction
Some Women,5,http://books.toscrape.com/catalogue/some-women_341/index.html,13.73,Womens Fiction
Shopaholic Ties the Knot,5,http://books.toscrape.com/catalogue/shopaholic-ties-the-knot-shopaholic-3_340/index.html,48.39,Womens Fiction
Can You Keep a,1,http://books.toscrape.com/catalogue/can-you-keep-a-secret_315/index.html,21.94,Womens Fiction
Twenties Girl,2,http://books.toscrape.com/catalogue/twenties-girl_292/index.html,42.80,Womens Fiction
The Undomestic Goddess,4,http://books.toscrape.com/catalogue/the-undomestic-goddess_286/index.html,45.75,Womens Fiction
The Nanny Diaries (Nanny,5,http://books.toscrape.com/catalogue/the-nanny-diaries-nanny-1_265/index.html,52.53,Womens Fiction
The Devil Wears Prada,1,http://books.toscrape.com/catalogue/the-devil-wears-prada-the-devil-wears-prada-1_243/index.html,44.29,Womens Fiction
Something Borrowed (Darcy &,5,http://books.toscrape.com/catalogue/something-borrowed-darcy-rachel-1_224/index.html,48.96,Womens Fiction
Something Blue (Darcy &,1,http://books.toscrape.com/catalogue/something-blue-darcy-rachel-2_223/index.html,54.62,Womens Fiction
I've Got Your Number,1,http://books.toscrape.com/catalogue/ive-got-your-number_173/index.html,19.69,Womens Fiction
The Edge of Reason,4,http://books.toscrape.com/catalogue/the-edge-of-reason-bridget-jones-2_63/index.html,19.18,Womens Fiction
Bridget Jones's Diary (Bridget,1,http://books.toscrape.com/catalogue/bridget-joness-diary-bridget-jones-1_10/index.html,29.82,Womens Fiction
Soumission,1,http://books.toscrape.com/catalogue/soumission_998/index.html,50.10,Fiction
Private Paris (Private #10),5,http://books.toscrape.com/catalogue/private-paris-private-10_958/index.html,47.61,Fiction
"We Love You, Charlie",5,http://books.toscrape.com/catalogue/we-love-you-charlie-freeman_954/index.html,50.27,Fiction
Thirst,5,http://books.toscrape.com/catalogue/thirst_946/index.html,17.27,Fiction
The Murder That Never,3,http://books.toscrape.com/catalogue/the-murder-that-never-was-forensic-instincts-5_939/index.html,54.11,Fiction
Tuesday Nights in 1980,2,http://books.toscrape.com/catalogue/tuesday-nights-in-1980_870/index.html,21.04,Fiction
The Vacationers,4,http://books.toscrape.com/catalogue/the-vacationers_863/index.html,42.15,Fiction
The Regional Office Is,5,http://books.toscrape.com/catalogue/the-regional-office-is-under-attack_858/index.html,51.36,Fiction
Finders Keepers (Bill Hodges,5,http://books.toscrape.com/catalogue/finders-keepers-bill-hodges-trilogy-2_807/index.html,53.53,Fiction
The Time Keeper,5,http://books.toscrape.com/catalogue/the-time-keeper_766/index.html,27.88,Fiction
The Testament of Mary,4,http://books.toscrape.com/catalogue/the-testament-of-mary_765/index.html,52.67,Fiction
The First Hostage (J.B.,3,http://books.toscrape.com/catalogue/the-first-hostage-jb-collins-2_749/index.html,25.85,Fiction
Take Me with You,3,http://books.toscrape.com/catalogue/take-me-with-you_741/index.html,45.21,Fiction
Still Life with Bread,3,http://books.toscrape.com/catalogue/still-life-with-bread-crumbs_738/index.html,26.41,Fiction
Shtum,4,http://books.toscrape.com/catalogue/shtum_733/index.html,55.84,Fiction
My Name Is Lucy,1,http://books.toscrape.com/catalogue/my-name-is-lucy-barton_720/index.html,41.56,Fiction
My Mrs. Brown,3,http://books.toscrape.com/catalogue/my-mrs-brown_719/index.html,24.48,Fiction
Mr. Mercedes (Bill Hodges,1,http://books.toscrape.com/catalogue/mr-mercedes-bill-hodges-trilogy-1_717/index.html,28.90,Fiction
I Am Pilgrim (Pilgrim,4,http://books.toscrape.com/catalogue/i-am-pilgrim-pilgrim-1_703/index.html,10.60,Fiction
Eligible (The Austen Project,3,http://books.toscrape.com/catalogue/eligible-the-austen-project-4_692/index.html,27.09,Fiction
Birdsong: A Story in,3,http://books.toscrape.com/catalogue/birdsong-a-story-in-pictures_975/index.html,54.64,Childrens
The Bear and the,1,http://books.toscrape.com/catalogue/the-bear-and-the-piano_967/index.html,36.89,Childrens
The Secret of Dreadwillow,1,http://books.toscrape.com/catalogue/the-secret-of-dreadwillow-carse_944/index.html,56.13,Childrens
The White Cat and,4,http://books.toscrape.com/catalogue/the-white-cat-and-the-monk-a-retelling-of-the-poem-pangur-ban_865/index.html,58.08,Childrens
Little Red,3,http://books.toscrape.com/catalogue/little-red_817/index.html,13.47,Childrens
Walt Disney's Alice in,5,http://books.toscrape.com/catalogue/walt-disneys-alice-in-wonderland_777/index.html,12.96,Childrens
Twenty Yawns,2,http://books.toscrape.com/catalogue/twenty-yawns_773/index.html,22.08,Childrens
Rain Fish,3,http://books.toscrape.com/catalogue/rain-fish_728/index.html,23.57,Childrens
Once Was a Time,2,http://books.toscrape.com/catalogue/once-was-a-time_724/index.html,18.28,Childrens
Luis Paints the World,3,http://books.toscrape.com/catalogue/luis-paints-the-world_714/index.html,53.95,Childrens
Nap-a-Roo,1,http://books.toscrape.com/catalogue/nap-a-roo_567/index.html,25.08,Childrens
The Whale,4,http://books.toscrape.com/catalogue/the-whale_501/index.html,35.96,Childrens
"Shrunken Treasures: Literary Classics,",3,http://books.toscrape.com/catalogue/shrunken-treasures-literary-classics-short-sweet-and-silly_484/index.html,52.87,Childrens
Raymie Nightingale,2,http://books.toscrape.com/catalogue/raymie-nightingale_482/index.html,34.41,Childrens
Playing from the Heart,1,http://books.toscrape.com/catalogue/playing-from-the-heart_481/index.html,32.38,Childrens
Maybe Something Beautiful: How,1,http://books.toscrape.com/catalogue/maybe-something-beautiful-how-art-transformed-a-neighborhood_386/index.html,22.54,Childrens
The Wild Robot,3,http://books.toscrape.com/catalogue/the-wild-robot_288/index.html,56.07,Childrens
The Thing About Jellyfish,1,http://books.toscrape.com/catalogue/the-thing-about-jellyfish_283/index.html,48.77,Childrens
The Lonely Ones,5,http://books.toscrape.com/catalogue/the-lonely-ones_261/index.html,43.59,Childrens
The Day the Crayons,5,http://books.toscrape.com/catalogue/the-day-the-crayons-came-home-crayons_241/index.html,26.33,Childrens
Don't Be a Jerk:,2,http://books.toscrape.com/catalogue/dont-be-a-jerk-and-other-practical-advice-from-dogen-japans-greatest-zen-master_890/index.html,37.97,Religion
You Are What You,4,http://books.toscrape.com/catalogue/you-are-what-you-love-the-spiritual-power-of-habit_872/index.html,21.87,Religion
God: The Most Unpleasant,5,http://books.toscrape.com/catalogue/god-the-most-unpleasant-character-in-all-fiction_697/index.html,30.03,Religion
The Book of Mormon,3,http://books.toscrape.com/catalogue/the-book-of-mormon_571/index.html,24.57,Religion
A History of God:,1,http://books.toscrape.com/catalogue/a-history-of-god-the-4000-year-quest-of-judaism-christianity-and-islam_310/index.html,27.62,Religion
The Bhagavad Gita,3,http://books.toscrape.com/catalogue/the-bhagavad-gita_60/index.html,57.49,Religion
Choosing Our Religion: The,4,http://books.toscrape.com/catalogue/choosing-our-religion-the-spiritual-lives-of-americas-nones_14/index.html,28.42,Religion
Worlds Elsewhere: Journeys Around,5,http://books.toscrape.com/catalogue/worlds-elsewhere-journeys-around-shakespeares-globe_972/index.html,40.30,Nonfiction
The Five Love Languages:,3,http://books.toscrape.com/catalogue/the-five-love-languages-how-to-express-heartfelt-commitment-to-your-mate_969/index.html,31.05,Nonfiction
Reasons to Stay Alive,2,http://books.toscrape.com/catalogue/reasons-to-stay-alive_959/index.html,26.41,Nonfiction
#HigherSelfie: Wake Up Your,5,http://books.toscrape.com/catalogue/higherselfie-wake-up-your-life-free-your-soul-find-your-tribe_957/index.html,23.11,Nonfiction
Unseen City: The Majesty,4,http://books.toscrape.com/catalogue/unseen-city-the-majesty-of-pigeons-the-discreet-charm-of-snails-other-wonders-of-the-urban-wilderness_952/index.html,44.18,Nonfiction
Throwing Rocks at the,3,http://books.toscrape.com/catalogue/throwing-rocks-at-the-google-bus-how-growth-became-the-enemy-of-prosperity_948/index.html,31.12,Nonfiction
The Life-Changing Magic of,3,http://books.toscrape.com/catalogue/the-life-changing-magic-of-tidying-up-the-japanese-art-of-decluttering-and-organizing_936/index.html,16.77,Nonfiction
The Gutsy Girl: Escapades,1,http://books.toscrape.com/catalogue/the-gutsy-girl-escapades-for-your-life-of-epic-adventure_934/index.html,37.13,Nonfiction
The Electric Pencil: Drawings,1,http://books.toscrape.com/catalogue/the-electric-pencil-drawings-from-inside-state-hospital-no-3_933/index.html,56.06,Nonfiction
Spark Joy: An Illustrated,4,http://books.toscrape.com/catalogue/spark-joy-an-illustrated-master-class-on-the-art-of-organizing-and-tidying-up_927/index.html,41.83,Nonfiction
Reskilling America: Learning to,2,http://books.toscrape.com/catalogue/reskilling-america-learning-to-labor-in-the-twenty-first-century_922/index.html,19.83,Nonfiction
In the Country We,4,http://books.toscrape.com/catalogue/in-the-country-we-love-my-family-divided_901/index.html,22.00,Nonfiction
Everydata: The Misinformation Hidden,2,http://books.toscrape.com/catalogue/everydata-the-misinformation-hidden-in-the-little-data-you-consume-every-day_891/index.html,54.35,Nonfiction
Call the Nurse: True,5,http://books.toscrape.com/catalogue/call-the-nurse-true-stories-of-a-country-nurse-on-a-scottish-isle_885/index.html,29.14,Nonfiction
Algorithms to Live By:,1,http://books.toscrape.com/catalogue/algorithms-to-live-by-the-computer-science-of-human-decisions_880/index.html,30.81,Nonfiction
The Power of Now:,2,http://books.toscrape.com/catalogue/the-power-of-now-a-guide-to-spiritual-enlightenment_855/index.html,43.54,Nonfiction
The Omnivore's Dilemma: A,2,http://books.toscrape.com/catalogue/the-omnivores-dilemma-a-natural-history-of-four-meals_854/index.html,38.21,Nonfiction
The Genius of Birds,1,http://books.toscrape.com/catalogue/the-genius-of-birds_843/index.html,17.24,Nonfiction
The Artist's Way: A,5,http://books.toscrape.com/catalogue/the-artists-way-a-spiritual-path-to-higher-creativity_839/index.html,38.49,Nonfiction
So You've Been Publicly,2,http://books.toscrape.com/catalogue/so-youve-been-publicly-shamed_832/index.html,12.23,Nonfiction
Rip it Up and,5,http://books.toscrape.com/catalogue/rip-it-up-and-start-again_986/index.html,35.02,Music
Our Band Could Be,3,http://books.toscrape.com/catalogue/our-band-could-be-your-life-scenes-from-the-american-indie-underground-1981-1991_985/index.html,57.25,Music
How Music Works,2,http://books.toscrape.com/catalogue/how-music-works_979/index.html,37.32,Music
Love Is a Mix,1,http://books.toscrape.com/catalogue/love-is-a-mix-tape-music-1_711/index.html,18.03,Music
Please Kill Me: The,4,http://books.toscrape.com/catalogue/please-kill-me-the-uncensored-oral-history-of-punk_537/index.html,31.19,Music
Kill 'Em and Leave:,5,http://books.toscrape.com/catalogue/kill-em-and-leave-searching-for-james-brown-and-the-american-soul_528/index.html,45.05,Music
"Chronicles, Vol. 1",2,http://books.toscrape.com/catalogue/chronicles-vol-1_462/index.html,52.60,Music
This Is Your Brain,1,http://books.toscrape.com/catalogue/this-is-your-brain-on-music-the-science-of-a-human-obsession_414/index.html,38.40,Music
Orchestra of Exiles: The,3,http://books.toscrape.com/catalogue/orchestra-of-exiles-the-story-of-bronislaw-huberman-the-israel-philharmonic-and-the-one-thousand-jews-he-saved-from-nazi-horrors_337/index.html,12.36,Music
No One Here Gets,5,http://books.toscrape.com/catalogue/no-one-here-gets-out-alive_336/index.html,20.02,Music
Life,5,http://books.toscrape.com/catalogue/life_104/index.html,31.58,Music
Old Records Never Die:,2,http://books.toscrape.com/catalogue/old-records-never-die-one-mans-quest-for-his-vinyl-and-his-past_39/index.html,55.66,Music
Forever Rockers (The Rocker,3,http://books.toscrape.com/catalogue/forever-rockers-the-rocker-12_19/index.html,28.80,Music
The Coming Woman: A,3,http://books.toscrape.com/catalogue/the-coming-woman-a-novel-based-on-the-life-of-the-infamous-feminist-victoria-woodhull_993/index.html,17.93,Default
The Boys in the,4,http://books.toscrape.com/catalogue/the-boys-in-the-boat-nine-americans-and-their-epic-quest-for-gold-at-the-1936-berlin-olympics_992/index.html,22.60,Default
Starving Hearts (Triangular Trade,2,http://books.toscrape.com/catalogue/starving-hearts-triangular-trade-trilogy-1_990/index.html,13.99,Default
America's Cradle of Quarterbacks:,3,http://books.toscrape.com/catalogue/americas-cradle-of-quarterbacks-western-pennsylvanias-football-factory-from-johnny-unitas-to-joe-montana_974/index.html,22.50,Default
Aladdin and His Wonderful,3,http://books.toscrape.com/catalogue/aladdin-and-his-wonderful-lamp_973/index.html,53.13,Default
Penny Maybe,3,http://books.toscrape.com/catalogue/penny-maybe_965/index.html,33.29,Default
Maude (1883-1993):She Grew Up,2,http://books.toscrape.com/catalogue/maude-1883-1993she-grew-up-with-the-country_964/index.html,18.02,Default
The Inefficiency Assassin: Time,5,http://books.toscrape.com/catalogue/the-inefficiency-assassin-time-management-tactics-for-working-smarter-not-longer_935/index.html,20.59,Default
Soul Reader,2,http://books.toscrape.com/catalogue/soul-reader_926/index.html,39.58,Default
Bossypants,2,http://books.toscrape.com/catalogue/bossypants_883/index.html,49.46,Default
A World of Flavor:,1,http://books.toscrape.com/catalogue/a-world-of-flavor-your-gluten-free-passport_879/index.html,42.95,Default
"A Piece of Sky,",5,http://books.toscrape.com/catalogue/a-piece-of-sky-a-grain-of-rice-a-memoir-in-four-meditations_878/index.html,56.76,Default
Tracing Numbers on a,3,http://books.toscrape.com/catalogue/tracing-numbers-on-a-train_869/index.html,41.60,Default
Thirteen Reasons Why,1,http://books.toscrape.com/catalogue/thirteen-reasons-why_866/index.html,52.72,Default
The Secret (The Secret,4,http://books.toscrape.com/catalogue/the-secret-the-secret-1_859/index.html,27.37,Default
The Psychopath Test: A,2,http://books.toscrape.com/catalogue/the-psychopath-test-a-journey-through-the-madness-industry_857/index.html,36.00,Default
The Kite Runner,4,http://books.toscrape.com/catalogue/the-kite-runner_847/index.html,41.82,Default
The Girl on the,2,http://books.toscrape.com/catalogue/the-girl-on-the-train_844/index.html,55.02,Default
The Emerald Mystery,2,http://books.toscrape.com/catalogue/the-emerald-mystery_842/index.html,23.15,Default
The Bridge to Consciousness:,3,http://books.toscrape.com/catalogue/the-bridge-to-consciousness-im-writing-the-bridge-between-science-and-our-old-and-new-beliefs_840/index.html,32.00,Default
Mesaerion: The Best Science,1,http://books.toscrape.com/catalogue/mesaerion-the-best-science-fiction-stories-1800-1849_983/index.html,37.59,Science Fiction
Join,5,http://books.toscrape.com/catalogue/join_902/index.html,35.67,Science Fiction
William Shakespeare's Star Wars:,4,http://books.toscrape.com/catalogue/william-shakespeares-star-wars-verily-a-new-hope-william-shakespeares-star-wars-4_871/index.html,43.30,Science Fiction
The Project,1,http://books.toscrape.com/catalogue/the-project_856/index.html,10.65,Science Fiction
Soft Apocalypse,2,http://books.toscrape.com/catalogue/soft-apocalypse_833/index.html,26.12,Science Fiction
Sleeping Giants (Themis Files,1,http://books.toscrape.com/catalogue/sleeping-giants-themis-files-1_604/index.html,48.74,Science Fiction
Arena,4,http://books.toscrape.com/catalogue/arena_587/index.html,21.36,Science Fiction
Foundation (Foundation (Publication Order),1,http://books.toscrape.com/catalogue/foundation-foundation-publication-order-1_375/index.html,32.42,Science Fiction
The Restaurant at the,1,http://books.toscrape.com/catalogue/the-restaurant-at-the-end-of-the-universe-hitchhikers-guide-to-the-galaxy-2_275/index.html,10.92,Science Fiction
Ready Player One,4,http://books.toscrape.com/catalogue/ready-player-one_209/index.html,19.07,Science Fiction
"Life, the Universe and",2,http://books.toscrape.com/catalogue/life-the-universe-and-everything-hitchhikers-guide-to-the-galaxy-3_189/index.html,33.26,Science Fiction
Dune (Dune #1),1,http://books.toscrape.com/catalogue/dune-dune-1_151/index.html,54.86,Science Fiction
Do Androids Dream of,1,http://books.toscrape.com/catalogue/do-androids-dream-of-electric-sheep-blade-runner-1_149/index.html,51.48,Science Fiction
Three Wishes (River of,2,http://books.toscrape.com/catalogue/three-wishes-river-of-time-california-1_89/index.html,44.18,Science Fiction
The Last Girl (The,2,http://books.toscrape.com/catalogue/the-last-girl-the-dominion-trilogy-1_70/index.html,36.26,Science Fiction
Having the Barbarian's Baby,4,http://books.toscrape.com/catalogue/having-the-barbarians-baby-ice-planet-barbarians-75_23/index.html,34.96,Science Fiction
The Book of Basketball:,5,http://books.toscrape.com/catalogue/the-book-of-basketball-the-nba-according-to-the-sports-guy_232/index.html,44.84,Sports and Games
Friday Night Lights: A,3,http://books.toscrape.com/catalogue/friday-night-lights-a-town-a-team-and-a-dream_158/index.html,51.22,Sports and Games
Sugar Rush (Offensive Line,1,http://books.toscrape.com/catalogue/sugar-rush-offensive-line-2_108/index.html,24.42,Sports and Games
Settling the Score (The,2,http://books.toscrape.com/catalogue/settling-the-score-the-summer-games-1_50/index.html,44.91,Sports and Games
Icing (Aces Hockey #2),4,http://books.toscrape.com/catalogue/icing-aces-hockey-2_25/index.html,40.44,Sports and Games
The Torch Is Passed:,1,http://books.toscrape.com/catalogue/the-torch-is-passed-a-harding-family-story_945/index.html,19.09,Add a comment
The Mindfulness and Acceptance,4,http://books.toscrape.com/catalogue/the-mindfulness-and-acceptance-workbook-for-anxiety-a-guide-to-breaking-free-from-anxiety-phobias-and-worry-using-acceptance-and-commitment-therapy_937/index.html,23.89,Add a comment
The Art Forger,3,http://books.toscrape.com/catalogue/the-art-forger_930/index.html,40.76,Add a comment
On a Midnight Clear,3,http://books.toscrape.com/catalogue/on-a-midnight-clear_912/index.html,14.07,Add a comment
Judo: Seven Steps to,2,http://books.toscrape.com/catalogue/judo-seven-steps-to-black-belt-an-introductory-guide-for-beginners_903/index.html,53.90,Add a comment
"Shobu Samurai, Project Aryoku",3,http://books.toscrape.com/catalogue/shobu-samurai-project-aryoku-3_830/index.html,29.06,Add a comment
Modern Romance,5,http://books.toscrape.com/catalogue/modern-romance_820/index.html,28.26,Add a comment
The White Queen (The,5,http://books.toscrape.com/catalogue/the-white-queen-the-cousins-war-1_768/index.html,25.91,Add a comment
The Song of Achilles,5,http://books.toscrape.com/catalogue/the-song-of-achilles_762/index.html,37.40,Add a comment
The Immortal Life of,2,http://books.toscrape.com/catalogue/the-immortal-life-of-henrietta-lacks_753/index.html,40.67,Add a comment
The Dovekeepers,1,http://books.toscrape.com/catalogue/the-dovekeepers_748/index.html,48.78,Add a comment
More Than Music (Chasing,2,http://books.toscrape.com/catalogue/more-than-music-chasing-the-dream-1_716/index.html,37.61,Add a comment
Code Name Verity (Code,4,http://books.toscrape.com/catalogue/code-name-verity-code-name-verity-1_680/index.html,22.13,Add a comment
Cell,4,http://books.toscrape.com/catalogue/cell_674/index.html,20.29,Add a comment
Angels Walking (Angels Walking,2,http://books.toscrape.com/catalogue/angels-walking-angels-walking-1_662/index.html,34.20,Add a comment
A Series of Catastrophes,2,http://books.toscrape.com/catalogue/a-series-of-catastrophes-and-miracles-a-true-story-of-love-science-and-cancer_655/index.html,56.48,Add a comment
A People's History of,2,http://books.toscrape.com/catalogue/a-peoples-history-of-the-united-states_654/index.html,40.79,Add a comment
A Brush of Wings,1,http://books.toscrape.com/catalogue/a-brush-of-wings-angels-walking-3_651/index.html,55.51,Add a comment
Rook,4,http://books.toscrape.com/catalogue/rook_647/index.html,37.86,Add a comment
The Midnight Watch: A,1,http://books.toscrape.com/catalogue/the-midnight-watch-a-novel-of-the-titanic-and-the-californian_640/index.html,26.20,Add a comment
Unicorn Tracks,3,http://books.toscrape.com/catalogue/unicorn-tracks_951/index.html,18.78,Fantasy
"Saga, Volume 6 (Saga",3,http://books.toscrape.com/catalogue/saga-volume-6-saga-collected-editions-6_924/index.html,25.02,Fantasy
Princess Between Worlds (Wide-Awake,5,http://books.toscrape.com/catalogue/princess-between-worlds-wide-awake-princess-5_919/index.html,13.34,Fantasy
Masks and Shadows,2,http://books.toscrape.com/catalogue/masks-and-shadows_909/index.html,56.40,Fantasy
Crown of Midnight (Throne,3,http://books.toscrape.com/catalogue/crown-of-midnight-throne-of-glass-2_888/index.html,43.29,Fantasy
Avatar: The Last Airbender:,2,http://books.toscrape.com/catalogue/avatar-the-last-airbender-smoke-and-shadow-part-3-smoke-and-shadow-3_881/index.html,28.09,Fantasy
A Court of Thorns,1,http://books.toscrape.com/catalogue/a-court-of-thorns-and-roses-a-court-of-thorns-and-roses-1_874/index.html,52.37,Fantasy
Throne of Glass (Throne,3,http://books.toscrape.com/catalogue/throne-of-glass-throne-of-glass-1_868/index.html,35.07,Fantasy
The Glittering Court (The,1,http://books.toscrape.com/catalogue/the-glittering-court-the-glittering-court-1_845/index.html,44.28,Fantasy
Hollow City (Miss Peregrine’s,1,http://books.toscrape.com/catalogue/hollow-city-miss-peregrines-peculiar-children-2_813/index.html,42.98,Fantasy
The Star-Touched Queen,5,http://books.toscrape.com/catalogue/the-star-touched-queen_764/index.html,46.02,Fantasy
The Hidden Oracle (The,2,http://books.toscrape.com/catalogue/the-hidden-oracle-the-trials-of-apollo-1_752/index.html,52.26,Fantasy
The Bane Chronicles (The,4,http://books.toscrape.com/catalogue/the-bane-chronicles-the-bane-chronicles-1-11_746/index.html,44.73,Fantasy
Island of Dragons (Unwanteds,1,http://books.toscrape.com/catalogue/island-of-dragons-unwanteds-7_705/index.html,29.65,Fantasy
Demigods & Magicians: Percy,5,http://books.toscrape.com/catalogue/demigods-magicians-percy-and-annabeth-meet-the-kanes-percy-jackson-kane-chronicles-crossover-1-3_685/index.html,37.51,Fantasy
City of Glass (The,4,http://books.toscrape.com/catalogue/city-of-glass-the-mortal-instruments-3_678/index.html,56.02,Fantasy
Searching for Meaning in,1,http://books.toscrape.com/catalogue/searching-for-meaning-in-gailana_648/index.html,38.73,Fantasy
The Star-Touched Queen,5,http://books.toscrape.com/catalogue/the-star-touched-queen_642/index.html,32.30,Fantasy
A Shard of Ice,3,http://books.toscrape.com/catalogue/a-shard-of-ice-the-black-symphony-saga-1_558/index.html,56.63,Fantasy
King's Folly (The Kinsman,5,http://books.toscrape.com/catalogue/kings-folly-the-kinsman-chronicles-1_473/index.html,39.61,Fantasy
Without Borders (Wanderlove #1),2,http://books.toscrape.com/catalogue/without-borders-wanderlove-1_956/index.html,45.07,New Adult
The Mistake (Off-Campus #2),3,http://books.toscrape.com/catalogue/the-mistake-off-campus-2_851/index.html,43.29,New Adult
The Matchmaker's Playbook (Wingmen,1,http://books.toscrape.com/catalogue/the-matchmakers-playbook-wingmen-inc-1_850/index.html,55.85,New Adult
The Hook Up (Game,5,http://books.toscrape.com/catalogue/the-hook-up-game-on-1_68/index.html,36.29,New Adult
Shameless,3,http://books.toscrape.com/catalogue/shameless_52/index.html,58.35,New Adult
Off Sides (Off #1),5,http://books.toscrape.com/catalogue/off-sides-off-1_38/index.html,39.45,New Adult
The Requiem Red,1,http://books.toscrape.com/catalogue/the-requiem-red_995/index.html,22.65,Young Adult
Set Me Free,5,http://books.toscrape.com/catalogue/set-me-free_988/index.html,17.46,Young Adult
The Natural History of,3,http://books.toscrape.com/catalogue/the-natural-history-of-us-the-fine-art-of-pretending-2_941/index.html,45.22,Young Adult
Obsidian (Lux #1),2,http://books.toscrape.com/catalogue/obsidian-lux-1_911/index.html,14.86,Young Adult
Burning,3,http://books.toscrape.com/catalogue/burning_884/index.html,28.81,Young Adult
A Fierce and Subtle,4,http://books.toscrape.com/catalogue/a-fierce-and-subtle-poison_875/index.html,28.13,Young Adult
Scarlett Epstein Hates It,5,http://books.toscrape.com/catalogue/scarlett-epstein-hates-it-here_828/index.html,43.55,Young Adult
"Nightingale, Sing",1,http://books.toscrape.com/catalogue/nightingale-sing_823/index.html,38.28,Young Adult
Library of Souls (Miss,5,http://books.toscrape.com/catalogue/library-of-souls-miss-peregrines-peculiar-children-3_816/index.html,48.56,Young Adult
Frostbite (Vampire Academy #2),5,http://books.toscrape.com/catalogue/frostbite-vampire-academy-2_810/index.html,29.99,Young Adult
Wild Swans,2,http://books.toscrape.com/catalogue/wild-swans_782/index.html,14.36,Young Adult
Until Friday Night (The,2,http://books.toscrape.com/catalogue/until-friday-night-the-field-party-1_775/index.html,46.31,Young Adult
This Is Where It,2,http://books.toscrape.com/catalogue/this-is-where-it-ends_771/index.html,27.12,Young Adult
The Darkest Lie,5,http://books.toscrape.com/catalogue/the-darkest-lie_747/index.html,35.35,Young Adult
My Kind of Crazy,1,http://books.toscrape.com/catalogue/my-kind-of-crazy_718/index.html,40.36,Young Adult
Don't Get Caught,1,http://books.toscrape.com/catalogue/dont-get-caught_687/index.html,55.35,Young Adult
Catching Jordan (Hundred Oaks),3,http://books.toscrape.com/catalogue/catching-jordan-hundred-oaks_673/index.html,50.83,Young Adult
Aristotle and Dante Discover,4,http://books.toscrape.com/catalogue/aristotle-and-dante-discover-the-secrets-of-the-universe-aristotle-and-dante-discover-the-secrets-of-the-universe-1_663/index.html,58.14,Young Adult
The Epidemic (The Program,5,http://books.toscrape.com/catalogue/the-epidemic-the-program-06_636/index.html,14.44,Young Adult
Stars Above (The Lunar,2,http://books.toscrape.com/catalogue/stars-above-the-lunar-chronicles-45_632/index.html,48.05,Young Adult
The Most Perfect Thing:,4,http://books.toscrape.com/catalogue/the-most-perfect-thing-inside-and-outside-a-birds-egg_938/index.html,42.96,Science
Immunity: How Elie Metchnikoff,5,http://books.toscrape.com/catalogue/immunity-how-elie-metchnikoff-changed-the-course-of-modern-medicine_900/index.html,57.36,Science
Sorting the Beef from,4,http://books.toscrape.com/catalogue/sorting-the-beef-from-the-bull-the-science-of-food-fraud-forensics_736/index.html,44.74,Science
Tipping Point for Planet,1,http://books.toscrape.com/catalogue/tipping-point-for-planet-earth-how-close-are-we-to-the-edge_643/index.html,37.55,Science
The Fabric of the,1,http://books.toscrape.com/catalogue/the-fabric-of-the-cosmos-space-time-and-the-texture-of-reality_572/index.html,55.91,Science
Diary of a Citizen,1,http://books.toscrape.com/catalogue/diary-of-a-citizen-scientist-chasing-tiger-beetles-and-other-new-ways-of-engaging-the-world_517/index.html,28.41,Science
The Origin of Species,4,http://books.toscrape.com/catalogue/the-origin-of-species_499/index.html,10.01,Science
The Grand Design,3,http://books.toscrape.com/catalogue/the-grand-design_405/index.html,13.76,Science
Peak: Secrets from the,2,http://books.toscrape.com/catalogue/peak-secrets-from-the-new-science-of-expertise_389/index.html,16.28,Science
"The Elegant Universe: Superstrings,",4,http://books.toscrape.com/catalogue/the-elegant-universe-superstrings-hidden-dimensions-and-the-quest-for-the-ultimate-theory_245/index.html,13.03,Science
The Disappearing Spoon: And,5,http://books.toscrape.com/catalogue/the-disappearing-spoon-and-other-true-tales-of-madness-love-and-the-history-of-the-world-from-the-periodic-table-of-the-elements_244/index.html,57.35,Science
"Surely You're Joking, Mr.",2,http://books.toscrape.com/catalogue/surely-youre-joking-mr-feynman-adventures-of-a-curious-character_227/index.html,25.83,Science
Seven Brief Lessons on,4,http://books.toscrape.com/catalogue/seven-brief-lessons-on-physics_219/index.html,30.60,Science
The Selfish Gene,1,http://books.toscrape.com/catalogue/the-selfish-gene_81/index.html,29.45,Science
A Light in the,3,http://books.toscrape.com/catalogue/a-light-in-the-attic_1000/index.html,51.77,Poetry
The Black Maria,1,http://books.toscrape.com/catalogue/the-black-maria_991/index.html,52.15,Poetry
Shakespeare's Sonnets,4,http://books.toscrape.com/catalogue/shakespeares-sonnets_989/index.html,20.66,Poetry
Olio,1,http://books.toscrape.com/catalogue/olio_984/index.html,23.88,Poetry
You can't bury them,2,http://books.toscrape.com/catalogue/you-cant-bury-them-all-poems_961/index.html,33.63,Poetry
Slow States of Collapse:,3,http://books.toscrape.com/catalogue/slow-states-of-collapse-poems_960/index.html,57.31,Poetry
Untitled Collection: Sabbath Poems,4,http://books.toscrape.com/catalogue/untitled-collection-sabbath-poems-2014_953/index.html,14.27,Poetry
Poems That Make Grown,4,http://books.toscrape.com/catalogue/poems-that-make-grown-women-cry_824/index.html,14.19,Poetry
Night Sky with Exit,1,http://books.toscrape.com/catalogue/night-sky-with-exit-wounds_822/index.html,41.05,Poetry
salt.,4,http://books.toscrape.com/catalogue/salt_731/index.html,46.78,Poetry
Quarter Life Poetry: Poems,5,http://books.toscrape.com/catalogue/quarter-life-poetry-poems-for-the-young-broke-and-hangry_727/index.html,50.89,Poetry
Out of Print: City,5,http://books.toscrape.com/catalogue/out-of-print-city-lights-spotlight-no-14_536/index.html,53.64,Poetry
Les Fleurs du Mal,5,http://books.toscrape.com/catalogue/les-fleurs-du-mal_530/index.html,29.04,Poetry
Howl and Other Poems,2,http://books.toscrape.com/catalogue/howl-and-other-poems_522/index.html,40.45,Poetry
Leave This Song Behind:,5,http://books.toscrape.com/catalogue/leave-this-song-behind-teen-poetry-at-its-best_474/index.html,51.17,Poetry
The Collected Poems of,5,http://books.toscrape.com/catalogue/the-collected-poems-of-wb-yeats-the-collected-works-of-wb-yeats-1_441/index.html,15.42,Poetry
The Crossover,4,http://books.toscrape.com/catalogue/the-crossover_398/index.html,38.77,Poetry
Booked,5,http://books.toscrape.com/catalogue/booked_365/index.html,17.49,Poetry
Twenty Love Poems and,4,http://books.toscrape.com/catalogue/twenty-love-poems-and-a-song-of-despair_91/index.html,30.95,Poetry
"Vampire Knight, Vol. 1",1,http://books.toscrape.com/catalogue/vampire-knight-vol-1-vampire-knight-1_93/index.html,15.40,Paranormal
Wall and Piece,4,http://books.toscrape.com/catalogue/wall-and-piece_971/index.html,44.18,Art
Feathers: Displays of Brilliant,3,http://books.toscrape.com/catalogue/feathers-displays-of-brilliant-plumage_695/index.html,49.05,Art
Art and Fear: Observations,4,http://books.toscrape.com/catalogue/art-and-fear-observations-on-the-perils-and-rewards-of-artmaking_559/index.html,48.63,Art
The New Drawing on,3,http://books.toscrape.com/catalogue/the-new-drawing-on-the-right-side-of-the-brain_550/index.html,43.02,Art
History of Beauty,4,http://books.toscrape.com/catalogue/history-of-beauty_521/index.html,10.29,Art
The Story of Art,4,http://books.toscrape.com/catalogue/the-story-of-art_500/index.html,41.14,Art
The Art Book,2,http://books.toscrape.com/catalogue/the-art-book_490/index.html,32.34,Art
Ways of Seeing,5,http://books.toscrape.com/catalogue/ways-of-seeing_94/index.html,39.51,Art
The Lucifer Effect: Understanding,1,http://books.toscrape.com/catalogue/the-lucifer-effect-understanding-how-good-people-turn-evil_758/index.html,10.40,Psychology
The Golden Condom: And,1,http://books.toscrape.com/catalogue/the-golden-condom-and-other-essays-on-love-lost-and-found_637/index.html,39.43,Psychology
It Didn't Start with,3,http://books.toscrape.com/catalogue/it-didnt-start-with-you-how-inherited-family-trauma-shapes-who-we-are-and-how-to-end-the-cycle_593/index.html,56.27,Psychology
An Unquiet Mind: A,3,http://books.toscrape.com/catalogue/an-unquiet-mind-a-memoir-of-moods-and-madness_422/index.html,21.30,Psychology
"Thinking, Fast and Slow",1,http://books.toscrape.com/catalogue/thinking-fast-and-slow_289/index.html,21.14,Psychology
Civilization and Its Discontents,2,http://books.toscrape.com/catalogue/civilization-and-its-discontents_140/index.html,59.95,Psychology
8 Keys to Mental,1,http://books.toscrape.com/catalogue/8-keys-to-mental-health-through-exercise_114/index.html,31.04,Psychology
The Argonauts,2,http://books.toscrape.com/catalogue/the-argonauts_837/index.html,10.93,Autobiography
M Train,1,http://books.toscrape.com/catalogue/m-train_598/index.html,27.18,Autobiography
Lab Girl,1,http://books.toscrape.com/catalogue/lab-girl_595/index.html,40.85,Autobiography
Approval Junkie: Adventures in,5,http://books.toscrape.com/catalogue/approval-junkie-adventures-in-caring-too-much_363/index.html,58.81,Autobiography
Running with Scissors,4,http://books.toscrape.com/catalogue/running-with-scissors_215/index.html,12.91,Autobiography
Me Talk Pretty One,2,http://books.toscrape.com/catalogue/me-talk-pretty-one-day_193/index.html,57.60,Autobiography
Lust & Wonder,2,http://books.toscrape.com/catalogue/lust-wonder_191/index.html,11.87,Autobiography
Life Without a Recipe,5,http://books.toscrape.com/catalogue/life-without-a-recipe_188/index.html,59.04,Autobiography
A Heartbreaking Work of,5,http://books.toscrape.com/catalogue/a-heartbreaking-work-of-staggering-genius_115/index.html,54.29,Autobiography
Catastrophic Happiness: Finding Joy,2,http://books.toscrape.com/catalogue/catastrophic-happiness-finding-joy-in-childhoods-messy-years_138/index.html,37.35,Parenting
Fifty Shades Freed (Fifty,5,http://books.toscrape.com/catalogue/fifty-shades-freed-fifty-shades-3_156/index.html,15.36,Adult Fiction
The Long Haul (Diary,1,http://books.toscrape.com/catalogue/the-long-haul-diary-of-a-wimpy-kid-9_757/index.html,44.07,Humor
Old School (Diary of,5,http://books.toscrape.com/catalogue/old-school-diary-of-a-wimpy-kid-10_723/index.html,11.83,Humor
I Know What I'm,4,http://books.toscrape.com/catalogue/i-know-what-im-doing-and-other-lies-i-tell-myself-dispatches-from-a-life-under-construction_704/index.html,25.98,Humor
Hyperbole and a Half:,5,http://books.toscrape.com/catalogue/hyperbole-and-a-half-unfortunate-situations-flawed-coping-mechanisms-mayhem-and-other-things-that-happened_702/index.html,14.75,Humor
Dress Your Family in,3,http://books.toscrape.com/catalogue/dress-your-family-in-corduroy-and-denim_562/index.html,43.68,Humor
Toddlers Are A**holes: It's,1,http://books.toscrape.com/catalogue/toddlers-are-aholes-its-not-your-fault_503/index.html,25.55,Humor
When You Are Engulfed,5,http://books.toscrape.com/catalogue/when-you-are-engulfed-in-flames_303/index.html,30.89,Humor
Naked,3,http://books.toscrape.com/catalogue/naked_197/index.html,31.69,Humor
Lamb: The Gospel According,5,http://books.toscrape.com/catalogue/lamb-the-gospel-according-to-biff-christs-childhood-pal_182/index.html,55.50,Humor
Holidays on Ice,2,http://books.toscrape.com/catalogue/holidays-on-ice_167/index.html,51.07,Humor
Security,2,http://books.toscrape.com/catalogue/security_925/index.html,39.25,Horror
Follow You Home,1,http://books.toscrape.com/catalogue/follow-you-home_809/index.html,21.36,Horror
The Loney,1,http://books.toscrape.com/catalogue/the-loney_756/index.html,23.40,Horror
Pet Sematary,3,http://books.toscrape.com/catalogue/pet-sematary_726/index.html,10.56,Horror
Doctor Sleep (The Shining,2,http://books.toscrape.com/catalogue/doctor-sleep-the-shining-2_686/index.html,40.12,Horror
Psycho: Sanitarium (Psycho #1.5),5,http://books.toscrape.com/catalogue/psycho-sanitarium-psycho-15_628/index.html,36.97,Horror
Can You Keep a,1,http://books.toscrape.com/catalogue/can-you-keep-a-secret-fear-street-relaunch-4_614/index.html,48.64,Horror
Red Dragon (Hannibal Lecter,3,http://books.toscrape.com/catalogue/red-dragon-hannibal-lecter-1_390/index.html,23.37,Horror
Dracula the Un-Dead,5,http://books.toscrape.com/catalogue/dracula-the-un-dead_370/index.html,35.63,Horror
Night Shift (Night Shift,4,http://books.toscrape.com/catalogue/night-shift-night-shift-1-20_335/index.html,12.75,Horror
Needful Things,4,http://books.toscrape.com/catalogue/needful-things_334/index.html,47.51,Horror
Misery,2,http://books.toscrape.com/catalogue/misery_332/index.html,34.79,Horror
It,3,http://books.toscrape.com/catalogue/it_330/index.html,25.01,Horror
'Salem's Lot,4,http://books.toscrape.com/catalogue/salems-lot_309/index.html,49.56,Horror
The Stand,2,http://books.toscrape.com/catalogue/the-stand_282/index.html,57.86,Horror
The Girl with All,3,http://books.toscrape.com/catalogue/the-girl-with-all-the-gifts_250/index.html,49.47,Horror
House of Leaves,1,http://books.toscrape.com/catalogue/house-of-leaves_169/index.html,54.89,Horror
Sapiens: A Brief History,5,http://books.toscrape.com/catalogue/sapiens-a-brief-history-of-humankind_996/index.html,54.23,History
Unbound: How Eight Technologies,1,http://books.toscrape.com/catalogue/unbound-how-eight-technologies-made-us-human-transformed-society-and-brought-our-world-to-the-brink_950/index.html,25.52,History
The Age of Genius:,1,http://books.toscrape.com/catalogue/the-age-of-genius-the-seventeenth-century-and-the-birth-of-the-modern-mind_929/index.html,19.73,History
"Political Suicide: Missteps, Peccadilloes,",2,http://books.toscrape.com/catalogue/political-suicide-missteps-peccadilloes-bad-calls-backroom-hijinx-sordid-pasts-rotten-breaks-and-just-plain-dumb-mistakes-in-the-annals-of-american-politics_917/index.html,36.28,History
Thomas Jefferson and the,1,http://books.toscrape.com/catalogue/thomas-jefferson-and-the-tripoli-pirates-the-forgotten-war-that-changed-american-history_867/index.html,59.64,History
Zealot: The Life and,3,http://books.toscrape.com/catalogue/zealot-the-life-and-times-of-jesus-of-nazareth_785/index.html,24.70,History
A Distant Mirror: The,3,http://books.toscrape.com/catalogue/a-distant-mirror-the-calamitous-14th-century_652/index.html,14.58,History
1491: New Revelations of,3,http://books.toscrape.com/catalogue/1491-new-revelations-of-the-americas-before-columbus_650/index.html,21.80,History
Brilliant Beacons: A History,3,http://books.toscrape.com/catalogue/brilliant-beacons-a-history-of-the-american-lighthouse_515/index.html,11.45,History
"""Most Blessed of the",5,http://books.toscrape.com/catalogue/most-blessed-of-the-patriarchs-thomas-jefferson-and-the-empire-of-the-imagination_509/index.html,44.48,History
A Short History of,5,http://books.toscrape.com/catalogue/a-short-history-of-nearly-everything_457/index.html,52.40,History
The Rise and Fall,2,http://books.toscrape.com/catalogue/the-rise-and-fall-of-the-third-reich-a-history-of-nazi-germany_454/index.html,39.67,History
Catherine the Great: Portrait,4,http://books.toscrape.com/catalogue/catherine-the-great-portrait-of-a-woman_424/index.html,58.55,History
The Mathews Men: Seven,5,http://books.toscrape.com/catalogue/the-mathews-men-seven-brothers-and-the-war-against-hitlers-u-boats_408/index.html,42.91,History
The Hiding Place,4,http://books.toscrape.com/catalogue/the-hiding-place_406/index.html,55.91,History
America's War for the,2,http://books.toscrape.com/catalogue/americas-war-for-the-greater-middle-east-a-military-history_361/index.html,51.22,History
The Guns of August,2,http://books.toscrape.com/catalogue/the-guns-of-august_254/index.html,14.54,History
House of Lost Worlds:,2,http://books.toscrape.com/catalogue/house-of-lost-worlds-dinosaurs-dynasties-and-the-story-of-life-on-earth_170/index.html,43.70,History
Foolproof Preserving: A Guide,3,http://books.toscrape.com/catalogue/foolproof-preserving-a-guide-to-small-batch-jams-jellies-pickles-condiments-and-more-a-foolproof-guide-to-making-small-batch-jams-jellies-pickles-condiments-and-more_978/index.html,30.52,Food and Drink
The Pioneer Woman Cooks:,1,http://books.toscrape.com/catalogue/the-pioneer-woman-cooks-dinnertime-comfort-classics-freezer-food-16-minute-meals-and-other-delicious-ways-to-solve-supper_943/index.html,56.41,Food and Drink
My Paris Kitchen: Recipes,2,http://books.toscrape.com/catalogue/my-paris-kitchen-recipes-and-stories_910/index.html,33.37,Food and Drink
Mama Tried: Traditional Italian,4,http://books.toscrape.com/catalogue/mama-tried-traditional-italian-cooking-for-the-screwed-crude-vegan-and-tattooed_908/index.html,14.02,Food and Drink
"Layered: Baking, Building, and",1,http://books.toscrape.com/catalogue/layered-baking-building-and-styling-spectacular-cakes_904/index.html,40.11,Food and Drink
The Nerdy Nummies Cookbook:,5,http://books.toscrape.com/catalogue/the-nerdy-nummies-cookbook-sweet-treats-for-the-geek-in-all-of-us_853/index.html,37.34,Food and Drink
The Love and Lemons,2,http://books.toscrape.com/catalogue/the-love-and-lemons-cookbook-an-apple-to-zucchini-celebration-of-impromptu-cooking_849/index.html,37.60,Food and Drink
The Cookies & Cups,1,http://books.toscrape.com/catalogue/the-cookies-cups-cookbook-125-sweet-savory-recipes-reminding-you-to-always-eat-dessert-first_841/index.html,41.25,Food and Drink
Deliciously Ella Every Day:,3,http://books.toscrape.com/catalogue/deliciously-ella-every-day-quick-and-easy-recipes-for-gluten-free-snacks-packed-lunches-and-simple-meals_801/index.html,42.16,Food and Drink
The Help Yourself Cookbook,3,http://books.toscrape.com/catalogue/the-help-yourself-cookbook-for-kids-60-easy-plant-based-recipes-kids-can-make-to-stay-healthy-and-save-the-earth_751/index.html,28.77,Food and Drink
"It's All Easy: Healthy,",1,http://books.toscrape.com/catalogue/its-all-easy-healthy-delicious-weeknight-meals-in-under-30-minutes_706/index.html,19.55,Food and Drink
Barefoot Contessa Back to,1,http://books.toscrape.com/catalogue/barefoot-contessa-back-to-basics_667/index.html,28.01,Food and Drink
Barefoot Contessa at Home:,5,http://books.toscrape.com/catalogue/barefoot-contessa-at-home-everyday-recipes-youll-make-over-and-over-again_666/index.html,50.62,Food and Drink
My Kitchen Year: 136,2,http://books.toscrape.com/catalogue/my-kitchen-year-136-recipes-that-saved-my-life_646/index.html,11.53,Food and Drink
Everyday Italian: 125 Simple,5,http://books.toscrape.com/catalogue/everyday-italian-125-simple-and-delicious-recipes_618/index.html,20.10,Food and Drink
A la Mode: 120,1,http://books.toscrape.com/catalogue/a-la-mode-120-recipes-in-60-pairings-pies-tarts-cakes-crisps-and-more-topped-with-ice-cream-gelato-frozen-custard-and-more_611/index.html,38.77,Food and Drink
Cravings: Recipes for What,3,http://books.toscrape.com/catalogue/cravings-recipes-for-what-you-want-to-eat_589/index.html,20.50,Food and Drink
The Moosewood Cookbook: Recipes,4,http://books.toscrape.com/catalogue/the-moosewood-cookbook-recipes-from-moosewood-restaurant-ithaca-new-york_574/index.html,12.34,Food and Drink
32 Yolks,2,http://books.toscrape.com/catalogue/32-yolks_510/index.html,53.63,Food and Drink
Naturally Lean: 125 Nourishing,5,http://books.toscrape.com/catalogue/naturally-lean-125-nourishing-gluten-free-plant-based-recipes-all-under-300-calories_479/index.html,11.38,Food and Drink
Redeeming Love,5,http://books.toscrape.com/catalogue/redeeming-love_826/index.html,20.47,Christian Fiction
Close to You,4,http://books.toscrape.com/catalogue/close-to-you_798/index.html,49.46,Christian Fiction
Shadows of the Past,5,http://books.toscrape.com/catalogue/shadows-of-the-past-logan-point-1_541/index.html,39.67,Christian Fiction
Like Never Before (Walker,2,http://books.toscrape.com/catalogue/like-never-before-walker-family-2_476/index.html,28.77,Christian Fiction
Counted With the Stars,5,http://books.toscrape.com/catalogue/counted-with-the-stars-out-from-egypt-1_463/index.html,17.97,Christian Fiction
If I Run (If,4,http://books.toscrape.com/catalogue/if-i-run-if-i-run-1_174/index.html,49.97,Christian Fiction
The Dirty Little Secrets,4,http://books.toscrape.com/catalogue/the-dirty-little-secrets-of-getting-your-dream-job_994/index.html,33.34,Business
The Third Wave: An,5,http://books.toscrape.com/catalogue/the-third-wave-an-entrepreneurs-vision-of-the-future_862/index.html,12.61,Business
The 10% Entrepreneur: Live,3,http://books.toscrape.com/catalogue/the-10-entrepreneur-live-your-startup-dream-without-quitting-your-day-job_836/index.html,27.55,Business
Shoe Dog: A Memoir,2,http://books.toscrape.com/catalogue/shoe-dog-a-memoir-by-the-creator-of-nike_831/index.html,23.99,Business
Made to Stick: Why,5,http://books.toscrape.com/catalogue/made-to-stick-why-some-ideas-survive-and-others-die_715/index.html,38.85,Business
Quench Your Own Thirst:,1,http://books.toscrape.com/catalogue/quench-your-own-thirst-business-lessons-learned-over-a-beer-or-two_629/index.html,43.14,Business
The Art of Startup,3,http://books.toscrape.com/catalogue/the-art-of-startup-fundraising_606/index.html,21.00,Business
Born for This: How,5,http://books.toscrape.com/catalogue/born-for-this-how-to-find-the-work-you-were-meant-to-do_588/index.html,21.59,Business
The E-Myth Revisited: Why,1,http://books.toscrape.com/catalogue/the-e-myth-revisited-why-most-small-businesses-dont-work-and-what-to-do-about-it_545/index.html,36.91,Business
"Rich Dad, Poor Dad",1,http://books.toscrape.com/catalogue/rich-dad-poor-dad_483/index.html,51.74,Business
The Lean Startup: How,3,http://books.toscrape.com/catalogue/the-lean-startup-how-todays-entrepreneurs-use-continuous-innovation-to-create-radically-successful-businesses_260/index.html,33.92,Business
Rework,2,http://books.toscrape.com/catalogue/rework_212/index.html,44.88,Business
Louisa: The Extraordinary Life,2,http://books.toscrape.com/catalogue/louisa-the-extraordinary-life-of-mrs-adams_818/index.html,16.85,Biography
Setting the World on,2,http://books.toscrape.com/catalogue/setting-the-world-on-fire-the-brief-astonishing-life-of-st-catherine-of-siena_603/index.html,21.15,Biography
The Faith of Christopher,1,http://books.toscrape.com/catalogue/the-faith-of-christopher-hitchens-the-restless-soul-of-the-worlds-most-notorious-atheist_495/index.html,39.55,Biography
Benjamin Franklin: An American,3,http://books.toscrape.com/catalogue/benjamin-franklin-an-american-life_460/index.html,48.19,Biography
The Rise of Theodore,3,http://books.toscrape.com/catalogue/the-rise-of-theodore-roosevelt-theodore-roosevelt-1_276/index.html,42.57,Biography
In Her Wake,1,http://books.toscrape.com/catalogue/in-her-wake_980/index.html,12.84,Thriller
The Elephant Tree,5,http://books.toscrape.com/catalogue/the-elephant-tree_968/index.html,23.82,Thriller
Behind Closed Doors,4,http://books.toscrape.com/catalogue/behind-closed-doors_962/index.html,52.22,Thriller
You (You #1),5,http://books.toscrape.com/catalogue/you-you-1_784/index.html,43.61,Thriller
The Guilty (Will Robie,2,http://books.toscrape.com/catalogue/the-guilty-will-robie-4_750/index.html,13.82,Thriller
The 14th Colony (Cotton,1,http://books.toscrape.com/catalogue/the-14th-colony-cotton-malone-11_744/index.html,39.24,Thriller
Give It Back,2,http://books.toscrape.com/catalogue/give-it-back_430/index.html,18.32,Thriller
Killing Floor (Jack Reacher,4,http://books.toscrape.com/catalogue/killing-floor-jack-reacher-1_382/index.html,31.49,Thriller
The Bone Hunters (Lexy,3,http://books.toscrape.com/catalogue/the-bone-hunters-lexy-vaughan-steven-macaulay-2_343/index.html,59.71,Thriller
Far From True (Promise,2,http://books.toscrape.com/catalogue/far-from-true-promise-falls-trilogy-2_320/index.html,34.93,Thriller
The Travelers,1,http://books.toscrape.com/catalogue/the-travelers_285/index.html,15.77,Thriller
When We Collided,1,http://books.toscrape.com/catalogue/when-we-collided_955/index.html,31.77,Contemporary
Someone Like You (The,5,http://books.toscrape.com/catalogue/someone-like-you-the-harrisons-2_735/index.html,52.79,Contemporary
We Are All Completely,1,http://books.toscrape.com/catalogue/we-are-all-completely-beside-ourselves_301/index.html,24.04,Contemporary
The Four Agreements: A,5,http://books.toscrape.com/catalogue/the-four-agreements-a-practical-guide-to-personal-freedom_970/index.html,17.66,Spirituality
The Activist's Tao Te,5,http://books.toscrape.com/catalogue/the-activists-tao-te-ching-ancient-advice-for-a-modern-revolution_928/index.html,32.24,Spirituality
Chasing Heaven: What Dying,2,http://books.toscrape.com/catalogue/chasing-heaven-what-dying-taught-me-about-living_797/index.html,37.80,Spirituality
If I Gave You,1,http://books.toscrape.com/catalogue/if-i-gave-you-gods-phone-number-searching-for-spirituality-in-america_564/index.html,20.91,Spirituality
Unreasonable Hope: Finding Faith,2,http://books.toscrape.com/catalogue/unreasonable-hope-finding-faith-in-the-god-who-brings-purpose-to-your-pain_505/index.html,46.33,Spirituality
A New Earth: Awakening,5,http://books.toscrape.com/catalogue/a-new-earth-awakening-to-your-lifes-purpose_311/index.html,55.65,Spirituality
Logan Kade (Fallen Crest,2,http://books.toscrape.com/catalogue/logan-kade-fallen-crest-high-55_384/index.html,13.12,Academic
Online Marketing for Busy,1,http://books.toscrape.com/catalogue/online-marketing-for-busy-authors-a-step-by-step-guide_913/index.html,46.35,Self Help
How to Be Miserable:,1,http://books.toscrape.com/catalogue/how-to-be-miserable-40-strategies-you-already-use_897/index.html,46.03,Self Help
"Overload: How to Unplug,",3,http://books.toscrape.com/catalogue/overload-how-to-unplug-unwind-and-unleash-yourself-from-the-pressure-of-stress_725/index.html,52.15,Self Help
You Are a Badass:,3,http://books.toscrape.com/catalogue/you-are-a-badass-how-to-stop-doubting-your-greatness-and-start-living-an-awesome-life_508/index.html,12.08,Self Help
How to Stop Worrying,5,http://books.toscrape.com/catalogue/how-to-stop-worrying-and-start-living_431/index.html,46.49,Self Help
All the Light We,5,http://books.toscrape.com/catalogue/all-the-light-we-cannot-see_660/index.html,29.87,Historical
The Girl You Left,1,http://books.toscrape.com/catalogue/the-girl-you-left-behind-the-girl-you-left-behind-1_443/index.html,15.79,Historical
(Un)Qualified: How God Uses,5,http://books.toscrape.com/catalogue/unqualified-how-god-uses-broken-people-to-do-big-things_873/index.html,54.00,Christian
Crazy Love: Overwhelmed by,2,http://books.toscrape.com/catalogue/crazy-love-overwhelmed-by-a-relentless-god_682/index.html,47.72,Christian
Blue Like Jazz: Nonreligious,1,http://books.toscrape.com/catalogue/blue-like-jazz-nonreligious-thoughts-on-christian-spirituality_461/index.html,25.77,Christian
Silence in the Dark,3,http://books.toscrape.com/catalogue/silence-in-the-dark-logan-point-4_542/index.html,58.33,Suspense
The Grownup,1,http://books.toscrape.com/catalogue/the-grownup_546/index.html,35.88,Short Stories
Suzie Snowflake: One beautiful,5,http://books.toscrape.com/catalogue/suzie-snowflake-one-beautiful-flake-a-self-esteem-story_568/index.html,54.81,Novels
The Bulletproof Diet: Lose,3,http://books.toscrape.com/catalogue/the-bulletproof-diet-lose-up-to-a-pound-a-day-reclaim-energy-and-focus-upgrade-your-life_931/index.html,49.05,Health
"Eat Fat, Get Thin",2,http://books.toscrape.com/catalogue/eat-fat-get-thin_688/index.html,54.07,Health
10-Day Green Smoothie Cleanse:,5,http://books.toscrape.com/catalogue/10-day-green-smoothie-cleanse-lose-up-to-15-pounds-in-10-days_581/index.html,49.71,Health
The Art and Science,5,http://books.toscrape.com/catalogue/the-art-and-science-of-low-carbohydrate-living_570/index.html,52.98,Health
Libertarianism for Beginners,2,http://books.toscrape.com/catalogue/libertarianism-for-beginners_982/index.html,51.33,Politics
Why the Right Went,4,http://books.toscrape.com/catalogue/why-the-right-went-wrong-conservatism-from-goldwater-to-the-tea-party-and-beyond_781/index.html,52.65,Politics
Equal Is Unfair: America's,1,http://books.toscrape.com/catalogue/equal-is-unfair-americas-misguided-fight-against-income-inequality_617/index.html,56.86,Politics
Amid the Chaos,1,http://books.toscrape.com/catalogue/amid-the-chaos_788/index.html,36.58,Cultural
Dark Notes,5,http://books.toscrape.com/catalogue/dark-notes_800/index.html,19.19,Erotica
The Long Shadow of,1,http://books.toscrape.com/catalogue/the-long-shadow-of-small-ghosts-murder-and-memory-in-an-american-city_848/index.html,10.97,Crime
